GC,AL,SC,BH,CW,ML
Alec,*SPARK PLUG*,#1 hero Baldur,Alien X,༺Aisa༻,*SPARK PLUG #2*
Bubbathebest3,Andy,Chris,CarNag3,Ainz Ooal Gown,⚡️Sam⚡️
dan,base burner,Firelord Baldur,Chief Faz,Bear,40days40nights
Fallen #2,BLerro,Invisible Man,dfg,Big Daddy,Alien10az
Forseti,Cpt. Quad,Jonathan,Fallen #4,Bubbles,AliGak_DPMaster
Glock,jessc1585,Jordan24,FLCL,Evan The Vile,Balasha
Johannes,monsterkiller,Lil Jared,Gorwin le fou,Heimdall,BlueStar
KniGhTMaReS,Papi Juan,MaXimumLava #3,Gorwin le sage,Jacob,bones.92
marc,Revelation,Michael2,Ice,Jakob,cheese whiz $
MaXimumLava Jr,SK83r112,MiniMumWater,juliette,largejacob,Deer
Nish,Sparky,moSKEETer,KVonnegutIII,Lucason,DigitalGhost™
Papi Juan,stay away,Orangeo,MaXimumLava,Meño,DJ
Patrick96HN1,TalMus,Villain07,newbsauce,Peter,Fun Dude
SATAN,Viiper,WamBamSam,nidhs,Storm,Get Hydrated
StayMus,Villa07,wde78,Oltall,The_Mechanic,Glitcher
theclawmaster,W@R DoG,Wrestler 57,Orfarag,Toddy,GuliTuli™️
Villanous07,,,TNT,Tommy,IrishLad
,,,,,Jacqueline
,,,,,Jared
,,,,,JoeMama
,,,,,JoxstarJr
,,,,,JoxstarSr
,,,,,Kelly
,,,,,Libertyy
,,,,,MockingBird
,,,,,Nishan GTR
,,,,,PapaJohns Pizza
,,,,,PepsiCola
,,,,,TANK
,,,,,Tyr
,,,,,williAm
,,,,,X--League
,,,,,Zeus